motor_id,timestamp,temperature,vibration,current,rpm,operating_hours
M001,2026-09-18 10:00,62.4,2.1,5.8,1480,1200.0
M001,2026-09-18 10:05,63.1,2.2,5.9,1478,1200.1
M001,2026-09-18 10:10,63.5,2.3,6.0,1482,1200.2
M001,2026-09-18 10:15,64.0,2.2,5.9,1475,1200.3
M001,2026-09-18 10:20,64.4,2.4,6.1,1478,1200.4
M001,2026-09-18 10:25,64.8,2.5,6.0,1472,1200.5
M001,2026-09-18 10:30,65.0,2.4,6.1,1474,1200.6
M001,2026-09-18 10:35,65.4,2.6,6.2,1470,1200.7
M001,2026-09-18 10:40,65.8,2.5,6.1,1472,1200.8
M001,2026-09-18 10:45,66.0,2.7,6.2,1468,1200.9
M002,2026-09-18 10:00,72.0,3.2,7.2,1465,2800.0
M002,2026-09-18 10:05,75.5,3.6,7.5,1455,2800.1
M002,2026-09-18 10:10,78.0,4.1,7.8,1448,2800.2
M002,2026-09-18 10:15,80.5,4.8,8.1,1438,2800.3
M002,2026-09-18 10:20,82.0,5.2,8.4,1425,2800.4
M002,2026-09-18 10:25,84.5,5.8,8.7,1410,2800.5
M002,2026-09-18 10:30,86.0,6.3,9.0,1395,2800.6
M002,2026-09-18 10:35,88.5,6.9,9.3,1370,2800.7
M002,2026-09-18 10:40,90.5,7.5,9.7,1345,2800.8
M002,2026-09-18 10:45,92.0,8.1,10.5,1310,2800.9
M003,2026-09-18 10:00,68.0,4.5,10.1,1785,1950.0
M003,2026-09-18 10:05,68.5,5.1,10.2,1790,1950.1
M003,2026-09-18 10:10,69.0,5.8,10.4,1780,1950.2
M003,2026-09-18 10:15,69.5,6.2,10.7,1775,1950.3
M003,2026-09-18 10:20,70.0,6.8,10.8,1768,1950.4
M003,2026-09-18 10:25,70.5,7.4,11.0,1760,1950.5
M003,2026-09-18 10:30,71.0,8.0,11.2,1750,1950.6
M003,2026-09-18 10:35,71.2,8.4,11.4,1745,1950.7
M003,2026-09-18 10:40,71.5,8.8,11.6,1738,1950.8
M003,2026-09-18 10:45,72.0,9.1,11.8,1730,1950.9
M004,2026-09-18 10:00,58.0,1.9,5.3,1410,900.0
M004,2026-09-18 10:05,58.5,2.0,5.4,1405,900.1
M004,2026-09-18 10:10,59.0,2.1,5.5,1395,900.2
M004,2026-09-18 10:15,59.5,2.1,5.4,1385,900.3
M004,2026-09-18 10:20,60.0,2.2,5.5,1378,900.4
M004,2026-09-18 10:25,60.5,2.3,5.5,1368,900.5
M004,2026-09-18 10:30,61.0,2.4,5.6,1355,900.6
M004,2026-09-18 10:35,61.5,2.5,5.6,1340,900.7
M004,2026-09-18 10:40,62.0,2.6,5.7,1325,900.8
M004,2026-09-18 10:45,62.5,2.7,5.7,1310,900.9
M005,2026-09-18 10:00,84.0,4.2,12.7,1775,3200.0
M005,2026-09-18 10:05,85.5,4.6,13.0,1765,3200.1
M005,2026-09-18 10:10,87.0,5.1,13.2,1750,3200.2
M005,2026-09-18 10:15,88.0,5.5,13.5,1738,3200.3
M005,2026-09-18 10:20,89.0,5.9,13.8,1725,3200.4
M005,2026-09-18 10:25,90.5,6.4,14.0,1710,3200.5
M005,2026-09-18 10:30,91.5,7.0,14.3,1695,3200.6
M005,2026-09-18 10:35,93.0,7.6,14.7,1680,3200.7
M005,2026-09-18 10:40,94.0,8.2,15.0,1665,3200.8
M005,2026-09-18 10:45,95.5,9.0,15.3,1645,3200.9
M006,2026-09-18 10:00,64.0,2.4,7.0,1490,1500.0
M006,2026-09-18 10:05,64.5,2.5,7.1,1488,1500.1
M006,2026-09-18 10:10,65.0,2.4,7.2,1485,1500.2
M006,2026-09-18 10:15,65.5,2.6,7.1,1482,1500.3
M006,2026-09-18 10:20,66.0,2.7,7.3,1480,1500.4
M006,2026-09-18 10:25,66.5,2.8,7.4,1478,1500.5
M006,2026-09-18 10:30,67.0,2.9,7.5,1475,1500.6
M006,2026-09-18 10:35,67.5,3.0,7.6,1472,1500.7
M006,2026-09-18 10:40,68.0,3.1,7.7,1470,1500.8
M006,2026-09-18 10:45,68.5,3.2,7.8,1468,1500.9
M007,2026-09-18 10:00,70.0,2.8,8.6,1700,2400.0
M007,2026-09-18 10:05,70.5,2.9,8.7,1688,2400.1
M007,2026-09-18 10:10,71.0,3.0,8.8,1675,2400.2
M007,2026-09-18 10:15,71.5,3.1,8.9,1660,2400.3
M007,2026-09-18 10:20,72.0,3.2,9.0,1645,2400.4
M007,2026-09-18 10:25,72.5,3.3,9.1,1625,2400.5
M007,2026-09-18 10:30,73.0,3.4,9.2,1605,2400.6
M007,2026-09-18 10:35,73.5,3.6,9.3,1585,2400.7
M007,2026-09-18 10:40,74.0,3.8,9.4,1560,2400.8
M007,2026-09-18 10:45,74.5,4.0,9.5,1535,2400.9
M008,2026-09-18 10:00,66.0,2.5,6.2,1585,1750.0
M008,2026-09-18 10:05,66.5,2.7,6.2,1582,1750.1
M008,2026-09-18 10:10,67.0,2.9,6.3,1580,1750.2
M008,2026-09-18 10:15,67.5,3.2,6.3,1578,1750.3
M008,2026-09-18 10:20,68.0,3.6,6.4,1575,1750.4
M008,2026-09-18 10:25,68.5,4.1,6.5,1572,1750.5
M008,2026-09-18 10:30,69.0,4.6,6.6,1568,1750.6
M008,2026-09-18 10:35,69.5,5.1,6.7,1565,1750.7
M008,2026-09-18 10:40,70.0,5.6,6.8,1560,1750.8
M008,2026-09-18 10:45,70.5,6.2,6.9,1555,1750.9
M009,2026-09-18 10:00,69.0,2.7,11.5,1790,2900.0
M009,2026-09-18 10:05,70.0,2.8,11.9,1788,2900.1
M009,2026-09-18 10:10,70.5,2.9,12.2,1785,2900.2
M009,2026-09-18 10:15,71.0,3.0,12.8,1780,2900.3
M009,2026-09-18 10:20,71.5,3.1,13.2,1775,2900.4
M009,2026-09-18 10:25,72.0,3.2,13.8,1770,2900.5
M009,2026-09-18 10:30,72.5,3.3,14.3,1765,2900.6
M009,2026-09-18 10:35,73.0,3.4,14.8,1760,2900.7
M009,2026-09-18 10:40,73.5,3.5,15.2,1750,2900.8
M009,2026-09-18 10:45,74.0,3.6,15.8,1745,2900.9
M010,2026-09-18 10:00,61.0,2.0,8.1,1490,1100.0
M010,2026-09-18 10:05,61.5,2.1,8.2,1488,1100.1
M010,2026-09-18 10:10,62.0,2.2,8.3,1486,1100.2
M010,2026-09-18 10:15,62.5,2.1,8.2,1485,1100.3
M010,2026-09-18 10:20,63.0,2.3,8.3,1482,1100.4
M010,2026-09-18 10:25,63.5,2.4,8.4,1480,1100.5
M010,2026-09-18 10:30,64.0,2.5,8.4,1478,1100.6
M010,2026-09-18 10:35,64.5,2.4,8.5,1476,1100.7
M010,2026-09-18 10:40,65.0,2.6,8.5,1474,1100.8
M010,2026-09-18 10:45,65.5,2.7,8.6,1472,1100.9